<?xml version="1.0" encoding="UTF-8"?>
<project-private xmlns="http://www.netbeans.org/ns/project-private/1">
    <editor-bookmarks xmlns="http://www.netbeans.org/ns/editor-bookmarks/2" lastBookmarkId="0"/>
    <open-files xmlns="http://www.netbeans.org/ns/projectui-open-files/2">
        <group>
            <file>file:/C:/Users/micha/OneDrive/Documents/Michael/Belgium/3rd%20Year/PRG381/Milestone%202/PRG-381-Project/PRG381_Milestone2/src/LibraryManagementSystem/Book.java</file>
            <file>file:/C:/Users/micha/OneDrive/Documents/Michael/Belgium/3rd%20Year/PRG381/Milestone%202/PRG-381-Project/PRG381_Milestone2/src/LibraryManagementSystem/DashBoard.java</file>
            <file>file:/C:/Users/micha/OneDrive/Documents/Michael/Belgium/3rd%20Year/PRG381/Milestone%202/PRG-381-Project/PRG381_Milestone2/src/LibraryManagementSystem/BorrowerManagement.java</file>
            <file>file:/C:/Users/micha/OneDrive/Documents/Michael/Belgium/3rd%20Year/PRG381/Milestone%202/PRG-381-Project/PRG381_Milestone2/src/LibraryManagementSystem/Borrower.java</file>
            <file>file:/C:/Users/micha/OneDrive/Documents/Michael/Belgium/3rd%20Year/PRG381/Milestone%202/PRG-381-Project/PRG381_Milestone2/src/LibraryManagementSystem/BookManagement.java</file>
            <file>file:/C:/Users/micha/OneDrive/Documents/Michael/Belgium/3rd%20Year/PRG381/Milestone%202/PRG-381-Project/PRG381_Milestone2/src/LibraryManagementSystem/DBConnection.java</file>
        </group>
    </open-files>
</project-private>
